time_h,OD600
0.043839,0.092145
2.867,0.262063
15.732,0.899088
47.903,1.332662
