time_h,OD600
-0.057299,0.09038
2.967,0.278005
15.931,0.950465
47.924,1.05266
