time_h,OD600
-0.006922,0.093921
2.965,0.30636
15.923,1.067428
47.931,0.958736
