time_h,OD600
2.912,0.123377
16.017,1.117066
48.1,1.262645
