time_h,OD600
0.043968,0.090373
2.97,0.239017
15.988,0.858309
47.932,0.941014
