time_h,OD600
-0.05,0.126791
2.962,0.112813
16.017,0.87933
48.0,0.852327
