time_h,OD600
2.912,0.061742
16.117,1.088893
47.95,1.067168
