time_h,OD600
3.063,0.140993
16.167,1.073046
48.0,0.935094
